Producto;Presentación;Kg por bulto;Precio
VERDURAS;;;
TOMATE PERITA 1RA;Cajón 18 kg;;$ 25.000
TOMATE PERITA 2DA;Cajón 18 kg;;$ 18.000
PAPA NEGRA;Bolsa 25 kg;;$ 15.000
CEBOLLA;Bolsa;20;$ 14.000
ZANAHORIAS;Bolsa x 20 kg;;$ 16.000
LECHUGA CRIOLLA;Jaula 10 kg;;$ 17.000
ACELGA;x 12 atados;;$ 7.200
PEREJIL;Jaula x 20 atados;;$ 8.000
ZAPALLITO;Cajón 15 kg;;$ 18.000
ZAPALLO ANCO;Bolsa 20 kg;;$ 13.000
JENGIBRE;Caja 5 kg;;$ 33.000
BERENJENA;Cajón 12 kg;;$ 14.400
PIMIENTO ROJO;Cajón;10;$ 26.000
PIMIENTO VERDE;Cajón;10;$ 19.000
AJO;Caja 10 kg;;$ 30.000
CHOCLO;Bolsa x 50 u;;$ 15.000
BATATA;Bolsa 20 kg;;$ 11.000
REPOLLO;Unidad;;consultar
FRUTAS;;;
BANANA ECUADOR;Caja 18 kg;;$ 19.800
MANZANA ROJA;Cajón 18 kg;;$ 27.000
MANZANA VERDE;Cajón 18 kg;;$ 72.000
NARANJA JUGO;Bolsa 20 kg;;$ 14.000
LIMONES;Bolsa 18 kg;;$ 16.200
PALTA HASS;Caja 4 kg;;$ 20.000
FRUTILLA;Caja x 10 bandejas;;$ 15.000
MANDARINA;Cajón 20 kg;;$ 16.000
KIWI;Caja 10 kg;;$ 20.000
FLETE;Por viaje;;$ 8.000
